{"val_loss": [0.4289052544927304, 0.4629553190712567, 0.39763774404077745, 0.3864593034094464, 0.3743865889542645, 0.3795319010098714, 0.44250579744657736, 0.358170450020626, 0.3681563461542956, 0.35196586214307185, 0.3427687195410488, 0.3737035235121106, 0.3531237550662213, 0.3337770840457921, 0.3452576912500604, 0.337103640374469, 0.33466322102085827, 0.3335535999876653, 0.3379831957413134, 0.33362481212634326, 0.3312776262456287, 0.33467540624603476, 0.33278352554642243, 0.33344745477622045, 0.3308669250081216, 0.3365440519442685, 0.32969963745654063, 0.32903521049238416, 0.3344893617886142, 0.3320609657384361, 0.3384218645362061, 0.3328382030651576, 0.3364022009456254, 0.3379177723795715, 0.33474645475309356, 0.34283308164404136, 0.3379402122774811, 0.3388114561128488, 0.34241813309935365, 0.3432904335343475, 0.3414536774456845, 0.3423287538000378, 0.3446296193207692, 0.35099651878229876, 0.3428819760777742, 0.34669030476956814, 0.3447929944471529, 0.3465989877914161], "val_acc": [0.8446510708405196, 0.8398575274174058, 0.8470273383039211, 0.8468155535450796, 0.8526184054627344, 0.8488756215338253, 0.8278205598093796, 0.8548787006470714, 0.84947246379654, 0.8589064277590904, 0.8605121248356875, 0.8522795492013602, 0.8530727712567329, 0.8635887513722554, 0.8582633774143759, 0.8617712721073678, 0.8629649558524513, 0.8633461622811759, 0.8615825891173432, 0.8634693824101927, 0.8647323772454657, 0.8625259891490914, 0.8634770848818086, 0.8648594491611227, 0.8642895616014324, 0.8629341498677162, 0.8647747324621122, 0.8646553669427512, 0.8632460459406944, 0.8640123155881774, 0.8628032314671799, 0.8635155916856627, 0.861590290716808, 0.8616634565084588, 0.8641509398112263, 0.8623950673747072, 0.8621717319609709, 0.8620870154914738, 0.8639198991258098, 0.8608047702379488, 0.8633731174661785, 0.8613015013930887, 0.8625067347602565, 0.8623873648571886, 0.8602502849591342, 0.8602040749492212, 0.8619522459239835, 0.8625067367799749], "loss": [0.5491425498850955, 0.41728417584283906, 0.38767272128439, 0.37361602672167304, 0.36622157329501115, 0.36039402048832603, 0.3563132621720951, 0.35124096531403276, 0.3489761437286695, 0.3456217630191903, 0.3429578728725763, 0.34065726811950603, 0.33839289591649513, 0.33629778252005044, 0.33425576142475183, 0.33279453445952234, 0.3297287513608189, 0.32859987869825186, 0.3254881700793839, 0.32441540419481363, 0.32161162914367786, 0.31884342363338675, 0.3172892741864314, 0.31429469356378764, 0.3113954974294057, 0.31024746154297766, 0.30681592836539817, 0.3041863798771014, 0.30128939403807803, 0.29801142351310694, 0.29518122441644506, 0.2919339901099939, 0.28941318405319383, 0.28636495109962906, 0.28375761559476087, 0.28073006602053524, 0.2784289090427542, 0.27525748805037675, 0.272776156128421, 0.2705185388646701, 0.2675573717427753, 0.2655596676033188, 0.26267485483816155, 0.2600254513115186, 0.25907204369098485, 0.255814069587614, 0.25409568402639354, 0.2507523442711253], "acc": [0.8099966435820602, 0.8369536675688783, 0.8461329090161726, 0.8500589309258018, 0.8521517866424662, 0.8539054160358909, 0.8547889376787865, 0.8565607740736152, 0.8573158894168486, 0.8583699818381945, 0.859008187612766, 0.859925251566029, 0.8607618174545606, 0.8615801784350335, 0.8620027747724722, 0.8623429586911234, 0.863787067275769, 0.8638301892128876, 0.8651420568981201, 0.8654994934527408, 0.8666676201433576, 0.8677303377260651, 0.8681261011525031, 0.8693287284514403, 0.870573516844972, 0.8707488807267482, 0.872461302205831, 0.8733956127292177, 0.8745819490857554, 0.8756877907274851, 0.8771439451170917, 0.8783171727494224, 0.8796770546188536, 0.880555786948149, 0.8816434201976712, 0.8831900628735649, 0.8842000754339568, 0.8852340476564657, 0.8866848639640883, 0.88737960659911, 0.8885534830288953, 0.8897963568227668, 0.8908485338762263, 0.8917828447937217, 0.8923003085789012, 0.8936850056319945, 0.8939724843941047, 0.8956910279589444], "Timer": [212.07496452331543, 209.01978516578674, 209.4056315422058, 209.242746591568, 207.80814027786255, 208.7604682445526, 206.83324122428894, 208.1825132369995, 199.44981408119202, 201.81258535385132, 202.39572381973267, 200.83783388137817, 201.0919234752655, 200.23955583572388, 205.03043508529663, 203.3803813457489, 202.45995354652405, 200.9524655342102, 201.38573455810547, 202.35511589050293, 201.6012270450592, 202.17404532432556, 200.89185667037964, 202.0850486755371, 200.54681253433228, 201.27690958976746, 203.6611397266388, 201.9923598766327, 201.84852528572083, 203.0047743320465, 201.41556787490845, 201.25390815734863, 202.6209888458252, 203.60071420669556, 202.5809187889099, 203.85539436340332, 209.28508615493774, 207.32094407081604, 208.70115447044373, 208.65751886367798, 204.20135021209717, 202.10421895980835, 203.0356206893921, 203.81362867355347, 203.19475197792053, 203.37240028381348, 201.34288549423218, 203.23815035820007]}